epoch,train_loss,val_loss,val_f1,val_iou,val_aux_iou,lr
1,3.5168398062388104,3.0404915809631348,0.18053102493286133,0.12607532739639282,0.5260433554649353,0.0001
2,2.5201614538828534,2.5453202724456787,0.2086368203163147,0.15078940987586975,0.5688501000404358,0.0001
3,2.2507490555445355,2.327212691307068,0.23993125557899475,0.179454043507576,0.5796205997467041,0.0001
4,2.1257851759592694,2.1858906745910645,0.2939797639846802,0.23056530952453613,0.5760889053344727,0.0001
5,1.9204338153203329,2.0868659615516663,0.3568945527076721,0.29598838090896606,0.5823515057563782,0.0001
6,1.8173589944839477,1.9762132167816162,0.39523860812187195,0.3394484519958496,0.5963515639305115,0.0001
7,1.701186219851176,2.0018913745880127,0.3791518211364746,0.31804579496383667,0.580523669719696,0.0001
8,1.6098278443018594,1.878709852695465,0.4382960796356201,0.39699438214302063,0.5734485983848572,0.0001
9,1.470163385073344,1.8347557187080383,0.44572213292121887,0.40631580352783203,0.6020136475563049,0.0001
10,1.4492264986038208,1.8208070397377014,0.44191768765449524,0.39838698506355286,0.6035802364349365,0.0001
11,1.3488542477289835,1.8773988485336304,0.43029141426086426,0.3838001787662506,0.5940330028533936,0.0001
12,1.2526945432027181,1.7635106444358826,0.4514443874359131,0.4128490686416626,0.6121916174888611,0.0001
13,1.2154767433802287,1.7813289165496826,0.4560126066207886,0.4123198390007019,0.60554438829422,0.0001
14,1.1726126710573832,1.689602017402649,0.5391799807548523,0.4928649365901947,0.6049940586090088,0.0001
15,1.1730634530385335,1.6559216380119324,0.5742015838623047,0.5323511362075806,0.6180430054664612,0.0001
16,1.0291986227035523,1.6769490838050842,0.5723644495010376,0.5326677560806274,0.6042110323905945,0.0001
17,1.036373289426168,1.7339556813240051,0.5759828090667725,0.5343905091285706,0.6326025724411011,0.0001
18,1.01542120774587,1.7331738471984863,0.5700953006744385,0.5240364670753479,0.6170182824134827,0.0001
19,0.8742680629094441,1.8106738328933716,0.5762476921081543,0.5346291661262512,0.6076792478561401,0.0001
20,0.8751395185788472,1.889464259147644,0.5417637825012207,0.48396119475364685,0.6274756193161011,0.0001
21,0.8340199232101441,1.794432520866394,0.5659886598587036,0.517247200012207,0.6267828941345215,0.0001
22,0.7730878869692485,1.7464752793312073,0.5671696662902832,0.5192022323608398,0.6250138878822327,0.0001
23,0.7108563462893168,1.757563829421997,0.57658851146698,0.5350016355514526,0.6264863610267639,0.0001
24,0.696946773926417,1.859053611755371,0.5422416925430298,0.486952006816864,0.62970370054245,0.0001
25,0.6888147274653117,1.828677237033844,0.5538188219070435,0.5011184215545654,0.6317877173423767,0.0001
26,0.6597881575425466,1.8199955821037292,0.5700122117996216,0.5224480032920837,0.6360536813735962,0.0001
27,0.5846766491731008,1.8382083773612976,0.5679546594619751,0.5206427574157715,0.6303979754447937,0.0001
28,0.6109397232532501,1.7155019044876099,0.5804406404495239,0.5385259389877319,0.6271194815635681,0.0001
29,0.605463053782781,1.7732830047607422,0.5634147524833679,0.5147171020507812,0.6278519034385681,0.0001
30,0.5956748882929485,1.7856663465499878,0.5651339292526245,0.5181671380996704,0.6332715153694153,0.0001
31,0.6494876066843669,1.8163315653800964,0.5703319311141968,0.5295599102973938,0.637428879737854,0.0001
32,0.5648273169994354,1.9182494282722473,0.5489702224731445,0.4988054633140564,0.6417830586433411,0.0001
33,0.5774153113365174,1.9992872476577759,0.5598011612892151,0.5138643980026245,0.6327206492424011,0.0001
34,0.5305984636147817,1.8183966875076294,0.5742748975753784,0.5338053703308105,0.6304271221160889,0.0001
35,0.5172095358371734,1.8733147382736206,0.5742149353027344,0.5318850874900818,0.6375333070755005,0.0001
36,0.48624357183774314,1.8853274583816528,0.5684807300567627,0.5244913697242737,0.643455982208252,0.0001
37,0.622905558347702,1.8445112705230713,0.5742929577827454,0.5314042568206787,0.6478375792503357,0.0001
38,0.522391692797343,1.651489794254303,0.5983514785766602,0.5668354630470276,0.6435889005661011,0.0001
39,0.4729286750157674,1.775906264781952,0.5781505107879639,0.5379050374031067,0.6400869488716125,0.0001
40,0.4626554290453593,1.7678888440132141,0.591084361076355,0.5554118156433105,0.6498026251792908,0.0001
41,0.44890074531237284,1.8193333148956299,0.5867549180984497,0.555452823638916,0.6363838911056519,0.0001
42,0.4092694083849589,1.8804014921188354,0.5907028913497925,0.5588942170143127,0.6454823017120361,0.0001
43,0.5048677702744802,1.6940391063690186,0.5896837711334229,0.5566575527191162,0.6498365998268127,0.0001
44,0.5826900243759155,1.7997742295265198,0.5800013542175293,0.5466822981834412,0.6513182520866394,0.0001
45,0.4179419219493866,1.7306787967681885,0.6065276861190796,0.5803866386413574,0.6356915235519409,0.0001
46,0.39634088476498924,1.7589091062545776,0.600920557975769,0.5702426433563232,0.6465502381324768,0.0001
47,0.4174007475376129,1.7242509126663208,0.5955616235733032,0.5652673840522766,0.6497711539268494,0.0001
48,0.4021578371524811,1.6816362142562866,0.6142184734344482,0.5946391820907593,0.6504834890365601,0.0001
49,0.4017339050769806,1.7111337780952454,0.6011937856674194,0.5748114585876465,0.6463294625282288,0.0001
50,0.3784759879112244,1.7073072791099548,0.5987892150878906,0.5755270719528198,0.6427019238471985,0.0001
51,0.40134610533714293,1.7455227971076965,0.5975462794303894,0.5717790126800537,0.6450974941253662,0.0001
52,0.521752248207728,1.6953315138816833,0.6140881776809692,0.5939314365386963,0.644461452960968,0.0001
53,0.37923073569933574,1.7432883977890015,0.6009438037872314,0.574215829372406,0.6520099639892578,0.0001
54,0.3350575963656108,1.8340145945549011,0.5855880379676819,0.5538829565048218,0.6480489373207092,0.0001
55,0.41751917799313865,1.9776616096496582,0.572638750076294,0.5378182530403137,0.6550697088241577,0.0001
56,0.36712000966072084,1.8908578157424927,0.5890066623687744,0.5575789213180542,0.6535109281539917,0.0001
57,0.3915216585000356,1.9062455892562866,0.5766958594322205,0.5392285585403442,0.6603156924247742,0.0001
58,0.33846192558606464,1.759570300579071,0.5907080173492432,0.5576525926589966,0.6592806577682495,0.0001
59,0.34889472723007203,1.8614046573638916,0.5721350908279419,0.531427800655365,0.6547857522964478,0.0001
60,0.3262205719947815,1.7276120781898499,0.5904689431190491,0.5561887621879578,0.6492025852203369,0.0001
61,0.3375764658053716,1.8281821608543396,0.5807815194129944,0.5448536276817322,0.6632056832313538,0.0001
62,0.3461144149303436,1.778923511505127,0.5752029418945312,0.5348501205444336,0.6455314755439758,0.0001
63,0.2991191307703654,1.9592908024787903,0.5512116551399231,0.5069471597671509,0.6619279980659485,0.0001
64,0.3515678306420644,1.7428385019302368,0.5985597372055054,0.5677847266197205,0.6561176180839539,0.0001
65,0.31585375070571897,1.7785542011260986,0.5988604426383972,0.5699697732925415,0.6606773138046265,5e-05
66,0.30878442724545796,1.8911030292510986,0.5750417113304138,0.5364000201225281,0.6621009707450867,5e-05
67,0.314963902036349,1.8431912064552307,0.5861750841140747,0.5518393516540527,0.6628476977348328,5e-05
68,0.29166193107763927,1.903114140033722,0.5718605518341064,0.5320541262626648,0.6699135303497314,5e-05
69,0.2813885688781738,1.8187839984893799,0.5879749059677124,0.5562940239906311,0.6625496745109558,5e-05
70,0.33548768361409503,1.8269999623298645,0.5862717628479004,0.5531883239746094,0.6517552733421326,5e-05
71,0.34043974379698433,1.8815768361091614,0.5838603973388672,0.5492063760757446,0.6616317629814148,5e-05
72,0.2977829804023107,1.8414008617401123,0.5851679444313049,0.5506672859191895,0.6483680605888367,5e-05
73,0.31221536099910735,1.881719946861267,0.5854145288467407,0.5539851784706116,0.6474208235740662,5e-05
74,0.29368515113989513,1.9485045671463013,0.5774547457695007,0.5421497225761414,0.6598069071769714,5e-05
75,0.27842878301938373,1.8450568914413452,0.5910801887512207,0.560970664024353,0.662143886089325,5e-05
76,0.2972105284531911,1.8354817032814026,0.5919899940490723,0.5628170967102051,0.6629236936569214,5e-05
77,0.2588087091843287,1.8712985515594482,0.5868596434593201,0.5535928010940552,0.6593519449234009,5e-05
78,0.2828310777743657,2.0331950187683105,0.5626132488250732,0.5202983021736145,0.6535570621490479,5e-05
79,0.2908098429441452,1.9825511574745178,0.5755002498626709,0.5373653769493103,0.6532338261604309,5e-05
80,0.25885100762049357,1.9142959117889404,0.5854367017745972,0.5513119697570801,0.6595563888549805,5e-05
81,0.28197868963082634,1.936736524105072,0.5824110507965088,0.547317385673523,0.6618419289588928,2.5e-05
82,0.2574080685774485,1.9365825057029724,0.575745701789856,0.5378255844116211,0.6648664474487305,2.5e-05
83,0.24894723693529766,1.9234324097633362,0.5777274370193481,0.5406776070594788,0.6594065427780151,2.5e-05
84,0.2511251082022985,1.8812065124511719,0.5845209956169128,0.5506542921066284,0.6647461652755737,2.5e-05
85,0.2484886775414149,1.957605004310608,0.5765743255615234,0.5401219129562378,0.659385085105896,2.5e-05
86,0.2595216145118078,1.9786934852600098,0.570770263671875,0.5318316221237183,0.6631134152412415,2.5e-05
87,0.26260228057702384,1.951136827468872,0.572008490562439,0.5324070453643799,0.6632206439971924,2.5e-05
88,0.26157661179701486,1.966590404510498,0.5666700005531311,0.5247746109962463,0.6629268527030945,2.5e-05
89,0.24703572392463685,2.008888900279999,0.5661004781723022,0.526148796081543,0.6620322465896606,2.5e-05
90,0.24472271700700124,2.0170938968658447,0.5618777871131897,0.5203943252563477,0.662665069103241,2.5e-05
91,0.24672967195510864,1.9726114869117737,0.5710123777389526,0.5319487452507019,0.656292736530304,2.5e-05
92,0.26426819066206614,1.982462227344513,0.5715761184692383,0.5311810970306396,0.6596603393554688,2.5e-05
93,0.24121656715869905,1.9954391121864319,0.5731111168861389,0.5341418981552124,0.6636921167373657,2.5e-05
94,0.3126637190580368,2.0710816979408264,0.5613331198692322,0.5206536054611206,0.6597357392311096,2.5e-05
95,0.24219943980375927,2.0538082122802734,0.5612280964851379,0.5199846625328064,0.6632619500160217,2.5e-05
96,0.2736457685629527,2.0202441811561584,0.5694156289100647,0.5308723449707031,0.6599152684211731,2.5e-05
97,0.24257284204165142,2.028540313243866,0.5659663677215576,0.5256043672561646,0.6617725491523743,1.25e-05
98,0.2585985839366913,2.0597110390663147,0.5601441860198975,0.5184195041656494,0.6583746671676636,1.25e-05
99,0.24288794895013174,2.0267850756645203,0.564794659614563,0.5238210558891296,0.6683647632598877,1.25e-05
100,0.3312382330497106,1.9378070831298828,0.576465904712677,0.5396057367324829,0.6676763296127319,1.25e-05
101,0.24590430955092113,1.9961133003234863,0.5741817355155945,0.5387991070747375,0.6664752960205078,1.25e-05
102,0.2298327366511027,2.02069628238678,0.5695255994796753,0.5318399667739868,0.6629990339279175,1.25e-05
103,0.2319712440172831,2.0105618834495544,0.5646781921386719,0.5243271589279175,0.6675305962562561,1.25e-05
104,0.258442951242129,2.0604100227355957,0.5643130540847778,0.5251717567443848,0.6655457019805908,1.25e-05
105,0.22250574231147766,2.0742430090904236,0.569312334060669,0.5312584638595581,0.6628015041351318,1.25e-05
106,0.2673877278963725,2.0326279401779175,0.5702722072601318,0.5311998128890991,0.6610201001167297,1.25e-05
107,0.23318360149860382,2.0277732610702515,0.577399730682373,0.5414555072784424,0.6639401912689209,1.25e-05
108,0.24638611376285552,2.097655236721039,0.5587872862815857,0.5168919563293457,0.6617246270179749,1.25e-05
109,0.2264471064011256,2.0533944368362427,0.5668200850486755,0.5278935432434082,0.6699528098106384,1.25e-05
110,0.23400758902231852,2.0593252182006836,0.5661979913711548,0.527646541595459,0.6639940738677979,1.25e-05
111,0.23382908701896668,2.0990631580352783,0.555306077003479,0.5121129751205444,0.6564584374427795,1.25e-05
112,0.25243000785509745,2.047139286994934,0.5719531774520874,0.5338186621665955,0.6623069047927856,1.25e-05
113,0.20684577226638795,2.0453510880470276,0.5670751333236694,0.5265290141105652,0.6670264601707458,6.25e-06
114,0.22038707037766775,2.0780585408210754,0.563331127166748,0.5220544338226318,0.6640994548797607,6.25e-06
115,0.2829657187064489,2.0477566719055176,0.5692102909088135,0.528599739074707,0.663668155670166,6.25e-06
116,0.23502067625522613,2.086318075656891,0.5655789971351624,0.5252285003662109,0.6559073328971863,6.25e-06
117,0.33341379861036935,2.0072619915008545,0.5687784552574158,0.5272989869117737,0.6707215905189514,6.25e-06
118,0.22219203412532806,2.045879364013672,0.5770449638366699,0.5406787395477295,0.664999783039093,6.25e-06
119,0.2603256493806839,2.1196399331092834,0.5632452368736267,0.5230969190597534,0.6593345403671265,6.25e-06
120,0.23125796616077424,2.112379789352417,0.5619726181030273,0.5215156078338623,0.6619986295700073,6.25e-06
121,0.21792575021584829,2.087517201900482,0.5658064484596252,0.5256268978118896,0.6624060869216919,6.25e-06
122,0.23695053160190582,2.1156594157218933,0.5585727691650391,0.5165262222290039,0.6656983494758606,6.25e-06
123,0.21591637631257374,2.0927793979644775,0.5657800436019897,0.5267149209976196,0.6643516421318054,6.25e-06
124,0.2201046884059906,2.0870516896247864,0.569819986820221,0.5317590236663818,0.6632794737815857,6.25e-06
125,0.2400824079910914,2.1257598400115967,0.5652881860733032,0.5262571573257446,0.6590169668197632,6.25e-06
126,0.20573696196079255,2.1138424277305603,0.5590553283691406,0.5154777765274048,0.6637616157531738,6.25e-06
127,0.2252078980207443,2.1124446988105774,0.5630075931549072,0.5223371386528015,0.6607235670089722,6.25e-06
128,0.2156359483798345,2.110224723815918,0.5615314245223999,0.5216049551963806,0.6651766300201416,6.25e-06
